BookingId,ProviderId,UserId,PurchasedAtDate,PurchasedAtTime,GrossTransactionalAmount,Amount,VatAmount,VatRatePercent,ProductId
delijn_ca29d4a7-69ed-47d6-906d-4ad0eed6fe12,delijn,e9bd5192-0751-11ed-bb64-2f273a1f2711,2022-10-04,09:15:04,17.0,16.04,0.96,6.0,4010
delijn_b26dfeef-f1f2-444a-acc9-0e772a2db36d,delijn,81c8abf8-6107-11ed-ba97-939785c6f9df,2022-10-10,11:23:15,17.0,14.05,2.95,21.0,4010
delijn_70dc1b05-4b19-41c6-8606-3e314aa5fb9f,delijn,81c8abf8-6107-11ed-ba97-939785c6f9df,2022-10-10,11:23:15,17.0,14.05,2.95,21.0,4010
delijn_e232e7ed-56a4-4405-828f-9d5de5c5a313,delijn,e9bd5192-0751-11ed-bb64-2f273a1f2711,2022-10-10,13:21:04,2.5,2.36,0.14,6.0,4014
delijn_8a12c2e3-77e5-40b6-9083-536dded4c436,delijn,81c8abf8-6107-11ed-ba97-939785c6f9df,2022-10-13,12:06:31,17.0,14.05,2.95,21.0,4010
delijn_9dee00c2-8c06-4656-bbb0-024c391988a5,delijn,4fec01e2-f92a-11ec-8da2-af994b8e82f3,2022-10-14,14:08:34,2.5,2.36,0.14,6.0,4014
delijn_3c3b22a5-77d9-45dd-8fda-7eaca3a25d3c,delijn,4fec01e2-f92a-11ec-8da2-af994b8e82f3,2022-10-14,14:08:34,2.5,2.36,0.14,6.0,4014
delijn_5ca0b02a-59bd-4ffd-a325-fcfc4807f878,delijn,4fec01e2-f92a-11ec-8da2-af994b8e82f3,2022-10-14,14:08:34,2.5,2.36,0.14,6.0,4014
delijn_a686e970-6074-4773-8d47-1f9d8de6f8c4,delijn,81c8abf8-6107-11ed-ba97-939785c6f9df,2022-10-19,19:25:52,2.5,2.07,0.43,21.0,4014
delijn_1a516438-f393-443c-b91f-9b53f17870d0,delijn,81c8abf8-6107-11ed-ba97-939785c6f9df,2022-10-19,19:25:52,2.5,2.07,0.43,21.0,4014
delijn_1f0a7da7-fbd5-4bbc-bfae-e4d688ef5e2c,delijn,81c8abf8-6107-11ed-ba97-939785c6f9df,2022-10-19,19:25:52,2.5,2.07,0.43,21.0,4014
delijn_4f731f2a-b906-49f7-8a68-d1d86ebd8ef1,delijn,e9bd5192-0751-11ed-bb64-2f273a1f2711,2022-10-19,19:25:52,2.5,2.07,0.43,21.0,4014
delijn_83796b61-fc6d-4793-b795-1a9d1ffead58,delijn,e9bd5192-0751-11ed-bb64-2f273a1f2711,2022-10-19,19:25:52,2.5,2.07,0.43,21.0,4014
delijn_6fbb2c38-2bd1-462d-86d8-baa8c18aa02c,delijn,81c8abf8-6107-11ed-ba97-939785c6f9df,2022-10-19,19:25:52,2.5,2.07,0.43,21.0,4014
delijn_b180bb01-bc4f-46a1-a617-eb95d381e881,delijn,bf9cdce0-29d2-11ed-9d34-9b9d14a7675e,2022-10-20,12:07:00,2.5,2.36,0.14,6.0,4014
nmbs_eb779c24-454a-49a9-9d8d-4daab4c6a7ab,nmbs,9394f70c-0107-11ed-b32d-771bbb18a580,2022-10-24,12:07:51,5.7,5.38,0.32,6.0,b259809e-45fb-4048-99d2-31ea21a62dba_40000071
delijn_6633d36d-23a7-45fa-bf6e-2915b5e75597,delijn,9394f70c-0107-11ed-b32d-771bbb18a580,2022-10-24,12:12:19,2.5,2.36,0.14,6.0,4014
delijn_f7ceccc6-1bf9-455d-81c9-89fd6f77c128,delijn,47167a30-6445-11ed-a975-4b4e3199b09f,2022-10-24,13:58:10,17.0,14.05,2.95,21.0,4010
nmbs_111f421d-1c35-43a3-8689-923cf5e1629d,nmbs,bf9cdce0-29d2-11ed-9d34-9b9d14a7675e,2022-10-24,16:25:43,9.2,8.68,0.52,6.0,00941425-2433-4d4c-b384-2da4d5ab9cdf_40000090
nmbs_28794d01-263a-436c-8cfa-4a41ac2ff839,nmbs,bf9cdce0-29d2-11ed-9d34-9b9d14a7675e,2022-10-25,08:21:39,7.5,7.08,0.42,6.0,27f57225-2b2f-431f-9ed4-8e4772b65ac2_40000090
nmbs_bdd09203-f6e7-445e-b2ca-5fb8b110f97f,nmbs,bf9cdce0-29d2-11ed-9d34-9b9d14a7675e,2022-10-25,12:56:43,84.0,79.25,4.75,6.0,f37a96ec-11f7-4597-8053-644efabaf42a_40000055
delijn_531cb19d-6c34-447a-a3cc-23c0be35bf85,delijn,c32e9876-2f77-11ed-b1f5-2f21efbcd8c9,2022-10-25,17:57:54,2.5,2.36,0.14,6.0,4014
delijn_b0ba86a8-b4b0-4541-8dea-3f1319b73867,delijn,c32e9876-2f77-11ed-b1f5-2f21efbcd8c9,2022-10-25,18:06:48,2.5,2.36,0.14,6.0,4014
delijn_6718ac81-0df4-4c0d-8f35-18f8f106a39b,delijn,c32e9876-2f77-11ed-b1f5-2f21efbcd8c9,2022-10-25,18:06:48,2.5,2.36,0.14,6.0,4014
delijn_34cd02a8-ab52-49de-8483-af68c2fd9a8c,delijn,c32e9876-2f77-11ed-b1f5-2f21efbcd8c9,2022-10-25,18:06:48,2.5,2.36,0.14,6.0,4014
delijn_a2312a28-cb8d-4b0b-be92-458c7c2e2450,delijn,c32e9876-2f77-11ed-b1f5-2f21efbcd8c9,2022-10-25,18:06:48,2.5,2.36,0.14,6.0,4014
delijn_b8d7365a-71cc-4232-acd9-f9b1e63328eb,delijn,c32e9876-2f77-11ed-b1f5-2f21efbcd8c9,2022-10-25,18:07:05,2.5,2.36,0.14,6.0,4014
delijn_dcd4961e-d234-41ac-a257-8235633499ac,delijn,4fec01e2-f92a-11ec-8da2-af994b8e82f3,2022-10-25,22:09:43,2.5,2.36,0.14,6.0,4014
nmbs_96a0c0da-3228-4db4-a3ad-6a6487267ee8,nmbs,bf9cdce0-29d2-11ed-9d34-9b9d14a7675e,2022-10-26,11:33:31,27.0,25.47,1.53,6.0,80d4fd53-ed36-4f96-8f32-bdfa9f286418_40000056
nmbs_fe2941de-f7f8-4693-ba71-995394261b17,nmbs,9394f70c-0107-11ed-b32d-771bbb18a580,2022-10-26,11:37:16,27.0,25.47,1.53,6.0,fcebdf22-41c0-4cbe-86f0-9bed8822d1ef_40000056
nmbs_cee276d5-a575-4213-93fc-9390889168d2,nmbs,9394f70c-0107-11ed-b32d-771bbb18a580,2022-10-26,11:38:52,84.0,79.25,4.75,6.0,fe8013cd-b11b-46da-b0f1-fd7898a7db7c_40000055
nmbs_ae79d882-be2f-48f1-8406-b8aac52567a3,nmbs,3cfa52ee-2f82-11ed-930d-af4d6696baa1,2022-10-26,14:44:14,9.5,8.96,0.54,6.0,d3ca3725-1658-48ff-b905-d93bc3f06d34_40000105
nmbs_a673f2b5-05d4-4ba8-9f12-eeb79a6c44d0,nmbs,3cfa52ee-2f82-11ed-930d-af4d6696baa1,2022-10-26,14:50:57,5.7,5.38,0.32,6.0,6c52b981-f18d-4376-bc5a-aceef782181d_40000079
nmbs_866b758f-a0a5-48f7-b633-30f6203dc4c0,nmbs,3cfa52ee-2f82-11ed-930d-af4d6696baa1,2022-10-26,14:58:19,9.5,8.96,0.54,6.0,f434b0a8-5e7a-4d15-9049-b02377f8911f_40000105
nmbs_9ffecdcf-4cc6-45e9-8d76-3b670591cc76,nmbs,3cfa52ee-2f82-11ed-930d-af4d6696baa1,2022-10-26,15:16:05,14.1,13.30,0.80,6.0,5c3c8a28-b157-444e-b2ec-7a71d87fdfe3_40000090
nmbs_7ed2e483-5662-402a-a220-1bbb5b50d70e,nmbs,3cfa52ee-2f82-11ed-930d-af4d6696baa1,2022-10-26,15:34:17,12.2,11.51,0.69,6.0,c53e0d9b-0f51-4a33-8192-fa9e12dd80c4_40000145
nmbs_057108f2-c74a-44cb-a22f-23e035d2d880,nmbs,3cfa52ee-2f82-11ed-930d-af4d6696baa1,2022-10-26,16:11:00,10.6,10.0,0.6,6.0,b658ab37-5a3e-4434-adf1-f919970ec27d_40000106
nmbs_a0137500-f5f6-43d0-8415-45385e04cf55,nmbs,3cfa52ee-2f82-11ed-930d-af4d6696baa1,2022-10-26,16:13:28,9.1,8.58,0.52,6.0,c068e90c-e86d-46c9-9ddd-0b50eb522c13_40000106
nmbs_e039910e-53ff-4e13-841c-281bca1f4a09,nmbs,bd8741aa-542c-11ed-8d97-c73bc62d1389,2022-10-26,16:20:03,3.1,2.92,0.18,6.0,e74f91b6-a208-4378-b778-a323335fc82a_40000106
nmbs_56b6b1cb-1660-4c5a-bdee-a97769d9fdff,nmbs,3cfa52ee-2f82-11ed-930d-af4d6696baa1,2022-10-26,16:37:43,3.1,2.92,0.18,6.0,5f936597-1e57-481a-b7c3-f699618813c3_40000105
nmbs_25f81b1f-8f66-4237-a5c9-d143a2ad7185,nmbs,3cfa52ee-2f82-11ed-930d-af4d6696baa1,2022-10-26,16:57:23,4.3,4.06,0.24,6.0,5b934152-fb1a-4652-9f90-567d44b84af1_40000090
nmbs_0c36200a-20e6-424a-a388-48da94801f2e,nmbs,3cfa52ee-2f82-11ed-930d-af4d6696baa1,2022-10-27,07:39:39,19.0,17.92,1.08,6.0,8ec7609d-2e83-4313-a56d-a7a057698b12_40000131
nmbs_3af24159-52a0-4350-8e8a-61d58cc50841,nmbs,bf9cdce0-29d2-11ed-9d34-9b9d14a7675e,2022-10-27,08:24:15,84.0,79.25,4.75,6.0,9970f513-8d5e-4f3f-820a-8f8aeb5527f9_40000055
nmbs_e5847103-b189-450c-8e24-767ce7076f4f,nmbs,bf9cdce0-29d2-11ed-9d34-9b9d14a7675e,2022-10-27,08:45:41,5.9,5.57,0.33,6.0,18e2a683-0045-45e2-9330-a2b006c4fa18_40000090
nmbs_5c51d097-dc44-4335-bf72-72bee483c627,nmbs,bf9cdce0-29d2-11ed-9d34-9b9d14a7675e,2022-10-27,08:46:19,84.0,79.25,4.75,6.0,2d36b575-10d8-43e8-b50d-9d99a1c3e002_40000055
nmbs_b96dedac-d42c-4f74-9aaf-90b3b0571095,nmbs,9394f70c-0107-11ed-b32d-771bbb18a580,2022-10-27,12:47:03,5.7,5.38,0.32,6.0,43e12e28-b80a-4890-9445-401b95725f87_40000071
nmbs_783b31df-a494-4a67-8363-d319d89dbd30,nmbs,9394f70c-0107-11ed-b32d-771bbb18a580,2022-10-27,12:47:55,5.7,5.38,0.32,6.0,1fbe67fe-b625-43ea-a2ed-90d5cb35f6aa_40000079
delijn_0652294b-9632-45ad-8d74-19157cd7ff5b,delijn,bf9cdce0-29d2-11ed-9d34-9b9d14a7675e,2022-10-27,13:21:41,2.5,2.36,0.14,6.0,4014
nmbs_882edd46-fd8d-434b-8e0d-ce9f94db2db2,nmbs,bf9cdce0-29d2-11ed-9d34-9b9d14a7675e,2022-10-27,13:57:26,5.9,5.57,0.33,6.0,c898265e-aabe-4444-b667-b807ae66a230_40000090
nmbs_e01671da-2c4d-43a0-b23c-cc4de85f496d,nmbs,7728b3f2-55f7-11ed-82c7-037a8859862a,2022-10-27,15:17:23,12.2,11.51,0.69,6.0,3b96d1cd-5678-4a5c-95c2-22ef16ddcc1e_40000145
nmbs_09d4be95-5eda-4c2d-8f49-cb6b3c1d4105,nmbs,7728b3f2-55f7-11ed-82c7-037a8859862a,2022-10-27,15:23:03,12.8,12.08,0.72,6.0,218ebe57-bb0a-42af-83d1-8c33eec57c66_40000150
nmbs_f5431381-3bfb-454b-ae83-c8f877df6f7a,nmbs,7728b3f2-55f7-11ed-82c7-037a8859862a,2022-10-27,15:26:51,12.3,11.60,0.70,6.0,a3bfaef9-7459-45ea-b007-6b92c100eac5_40000090
nmbs_5daf8441-81dd-4cda-bb68-bf9c1ad0f989,nmbs,bf9cdce0-29d2-11ed-9d34-9b9d14a7675e,2022-10-27,15:35:26,6.6,6.23,0.37,6.0,42c9a301-f9f5-4c6d-8b5f-962215598012_40000145
nmbs_f619c7c2-38eb-4ff1-8226-bbf7bf334dd1,nmbs,7728b3f2-55f7-11ed-82c7-037a8859862a,2022-10-27,16:04:31,6.6,6.23,0.37,6.0,89184ef4-93e4-4eb6-9f0f-61cbf4ce1865_40000145
nmbs_adc1eb89-fa70-4760-973c-7ed683f79d23,nmbs,7728b3f2-55f7-11ed-82c7-037a8859862a,2022-10-27,16:05:42,24.4,23.02,1.38,6.0,f44d1c50-db93-412b-97e3-6ab9533d06af_40000145
nmbs_099ce433-8ee8-493a-ad24-bf3899b59c33,nmbs,7728b3f2-55f7-11ed-82c7-037a8859862a,2022-10-27,16:06:54,19.0,17.92,1.08,6.0,087fb0ee-83d6-4999-b77b-5b97bcc028a7_40000131
nmbs_42a73094-580c-4b21-baa6-4a6b4bc8b48e,nmbs,7728b3f2-55f7-11ed-82c7-037a8859862a,2022-10-27,16:09:01,4.1,3.87,0.23,6.0,6cf10830-54a6-4cf1-ba70-855657840d5a_40000090
nmbs_0ce14378-29e4-4f30-a991-3610aeb9e7c6,nmbs,9394f70c-0107-11ed-b32d-771bbb18a580,2022-10-27,16:20:14,5.7,5.38,0.32,6.0,1734dc22-0c65-4719-b563-bd4a498125c9_40000079
nmbs_657a35ae-8702-4391-97b2-f39001b3d0df,nmbs,9394f70c-0107-11ed-b32d-771bbb18a580,2022-10-27,16:22:10,5.7,5.38,0.32,6.0,1d933562-aaca-4714-bbfb-4057fc6e3be5_40000079
nmbs_d2519d9a-daf5-4f96-8ca8-d404bf5bcb6f,nmbs,9394f70c-0107-11ed-b32d-771bbb18a580,2022-10-27,17:34:18,84.0,79.25,4.75,6.0,78f734f6-677d-4e2b-82c9-06ce1ef120fb_40000055
nmbs_31b9cfa3-2ed6-4c1e-8c92-ff6de715a913,nmbs,4fec01e2-f92a-11ec-8da2-af994b8e82f3,2022-10-28,00:43:43,5.7,5.38,0.32,6.0,19eed414-34da-4b22-a1b1-653a2ce3025b_40000079
nmbs_09df9a6b-906e-4af0-bb22-f8eedbfd80f2,nmbs,bf9cdce0-29d2-11ed-9d34-9b9d14a7675e,2022-10-28,07:59:30,84.0,79.25,4.75,6.0,b01ed861-ee26-4a32-af02-89de62227f60_40000055
nmbs_62b659aa-193f-4538-a90a-cd3fc6f5a76c,nmbs,3cfa52ee-2f82-11ed-930d-af4d6696baa1,2022-10-28,09:18:05,12.2,11.51,0.69,6.0,005b610b-1426-4ee6-99a8-c94312620c1e_40000145
nmbs_eeea3cfb-dbc8-442a-a1f4-9760eb8d1d63,nmbs,3cfa52ee-2f82-11ed-930d-af4d6696baa1,2022-10-28,09:24:57,12.3,11.60,0.70,6.0,f8ada4e2-14ee-47ff-9f0b-24c6211e4420_40000090
nmbs_171b4582-4ede-421b-b500-dbc6170a15b1,nmbs,3cfa52ee-2f82-11ed-930d-af4d6696baa1,2022-10-28,09:28:08,27.0,25.47,1.53,6.0,36df39d2-400b-4ef4-980d-95bbce17170a_40000056
nmbs_b56e7bf2-2cfd-4722-ba78-8566d82b7c56,nmbs,3cfa52ee-2f82-11ed-930d-af4d6696baa1,2022-10-28,09:38:12,5.7,5.38,0.32,6.0,6519c0ae-0e7e-4ebd-ae6c-a899f4db4310_40000079
nmbs_7e6e4e47-7234-4ec6-8ef9-733150847ed8,nmbs,3cfa52ee-2f82-11ed-930d-af4d6696baa1,2022-10-28,11:03:11,19.0,17.92,1.08,6.0,499766ed-3365-44e8-a85b-062b028ee247_40000131
nmbs_106bdf56-1de7-4a00-88c5-7fa57cfaee84,nmbs,3cfa52ee-2f82-11ed-930d-af4d6696baa1,2022-10-28,11:06:17,12.2,11.51,0.69,6.0,38e14392-5b98-4cd9-bf3d-d5adcadc8058_40000145
nmbs_22e042db-3b68-430b-8366-3bef47616c08,nmbs,bf9cdce0-29d2-11ed-9d34-9b9d14a7675e,2022-10-28,12:45:42,7.5,7.08,0.42,6.0,6b2731d8-65b6-463d-ad2d-342e866f3266_40000090
nmbs_cd92852e-3faf-4134-bc33-54c8724e12b9,nmbs,bf9cdce0-29d2-11ed-9d34-9b9d14a7675e,2022-10-28,12:46:52,5.9,5.57,0.33,6.0,75b976c4-e9b1-4301-b776-802cbb0946e8_40000090
nmbs_fdec08d5-05d3-4172-a39c-a25067967cf7,nmbs,bf9cdce0-29d2-11ed-9d34-9b9d14a7675e,2022-10-28,12:48:28,5.9,5.57,0.33,6.0,b1b039cb-9cac-4f83-be91-14e6b8e05c9f_40000090
nmbs_1292d67a-4186-4dce-9e55-9f1a11d0b403,nmbs,3cfa52ee-2f82-11ed-930d-af4d6696baa1,2022-10-28,12:52:11,12.3,11.60,0.70,6.0,987cd739-7c22-4feb-be8a-b34eb6417723_40000090
nmbs_9a4db20a-dee4-4f94-ac57-fede3b2d4b57,nmbs,bf9cdce0-29d2-11ed-9d34-9b9d14a7675e,2022-10-28,12:53:57,5.9,5.57,0.33,6.0,59d938da-e303-4108-af76-09e7b7839265_40000090
nmbs_9e267911-2bd5-46ee-b38a-d0d088e31f23,nmbs,3cfa52ee-2f82-11ed-930d-af4d6696baa1,2022-10-28,13:06:41,12.3,11.60,0.70,6.0,4ec0fa02-9f76-42f6-af88-11f9f007c1aa_40000090
nmbs_621430dc-1f8e-40b1-b886-64e438cb8275,nmbs,bf9cdce0-29d2-11ed-9d34-9b9d14a7675e,2022-10-28,13:09:39,5.9,5.57,0.33,6.0,872ecaeb-149b-49bd-8a81-8f40cd22ba5a_40000090
nmbs_f145c5c7-c88e-4a78-b210-3a3ce1390c26,nmbs,bf9cdce0-29d2-11ed-9d34-9b9d14a7675e,2022-10-28,13:19:33,27.0,25.47,1.53,6.0,3815b5f8-6b61-4326-86b4-40acaeebb6b1_40000056
nmbs_d962fa77-9165-45b9-b5ca-5bf494a7ac63,nmbs,bf9cdce0-29d2-11ed-9d34-9b9d14a7675e,2022-10-28,13:59:20,5.9,5.57,0.33,6.0,55ae1e7d-d71c-4965-84b4-ceff7085fe5a_40000090
nmbs_295a98aa-6361-4ce8-ba62-f2a004ac996a,nmbs,bf9cdce0-29d2-11ed-9d34-9b9d14a7675e,2022-10-28,14:17:51,5.9,5.57,0.33,6.0,1ef99c99-f6e5-4df8-8a9e-b0b5ab3dcae6_40000090
nmbs_beb89ca6-bf43-4bd0-a903-b7ef997142ad,nmbs,bf9cdce0-29d2-11ed-9d34-9b9d14a7675e,2022-10-28,14:22:47,7.5,7.08,0.42,6.0,50afb9bf-167c-45db-b979-1d754061ceff_40000090
nmbs_8dd9562f-d4b7-4689-9726-f2be104fb214,nmbs,bf9cdce0-29d2-11ed-9d34-9b9d14a7675e,2022-10-28,14:28:49,5.9,5.57,0.33,6.0,1e1cd2ed-d63d-4eb6-a903-80e8ea061ef5_40000090
nmbs_565425c2-2526-4be1-b7c4-f946e2d5a2e2,nmbs,3cfa52ee-2f82-11ed-930d-af4d6696baa1,2022-10-28,14:50:23,12.3,11.60,0.70,6.0,aa2fe07a-8f1b-46cd-84c8-6e212c4c4e8e_40000090
nmbs_ab7b4679-eb94-4e1e-ada4-80c0d65a7eb2,nmbs,bf9cdce0-29d2-11ed-9d34-9b9d14a7675e,2022-10-28,15:07:51,5.9,5.57,0.33,6.0,8b476a97-6646-4095-83be-e990c8200e3f_40000090
nmbs_aa651c26-0605-4968-ab5e-e62c83386bd0,nmbs,bf9cdce0-29d2-11ed-9d34-9b9d14a7675e,2022-10-28,15:28:01,5.9,5.57,0.33,6.0,a6b076f6-82f5-49a5-8562-3706ac2e694e_40000090
delijn_3b631ff3-8553-43ba-800f-3b4ac70df1f2,delijn,ca0db256-0cec-11ed-bcbb-5b2868dda0fa,2022-10-28,15:44:36,,,,,4014
delijn_565f8b46-5650-47e8-8845-f38f9d903ed7,delijn,ca0db256-0cec-11ed-bcbb-5b2868dda0fa,2022-10-28,15:44:36,,,,,4014
delijn_06675f0c-b278-4512-9fd9-6e9af46a1f15,delijn,ca0db256-0cec-11ed-bcbb-5b2868dda0fa,2022-10-28,15:44:36,,,,,4014
delijn_73c98429-ab8f-4db5-825c-185e1136efb6,delijn,ca0db256-0cec-11ed-bcbb-5b2868dda0fa,2022-10-28,15:44:36,,,,,4014
delijn_f809fa8f-d379-4055-a35e-f75b6201b9cd,delijn,ca0db256-0cec-11ed-bcbb-5b2868dda0fa,2022-10-28,15:44:36,2.5,2.07,0.43,21.0,4014
delijn_491f6297-02fa-4d6e-ae6f-7ae6fb53c0b6,delijn,ca0db256-0cec-11ed-bcbb-5b2868dda0fa,2022-10-28,15:44:36,2.5,2.07,0.43,21.0,4014
delijn_3688246f-ccd7-415f-9bbf-929139080ed6,delijn,ca0db256-0cec-11ed-bcbb-5b2868dda0fa,2022-10-28,15:44:36,2.5,2.07,0.43,21.0,4014
delijn_ab0a72c9-00b9-4619-98e7-15b6dcad03f7,delijn,ca0db256-0cec-11ed-bcbb-5b2868dda0fa,2022-10-28,15:44:36,2.5,2.07,0.43,21.0,4014
delijn_71494b84-a9cf-434d-b0cf-b9c8b38fd7da,delijn,ca0db256-0cec-11ed-bcbb-5b2868dda0fa,2022-10-28,15:44:36,2.5,2.07,0.43,21.0,4014
delijn_f1b0c3b0-42a6-42ac-bbbc-d5030c869600,delijn,ca0db256-0cec-11ed-bcbb-5b2868dda0fa,2022-10-28,15:44:36,2.5,2.07,0.43,21.0,4014
delijn_a6278693-69d1-463c-9464-06818801af4a,delijn,ca0db256-0cec-11ed-bcbb-5b2868dda0fa,2022-10-28,16:27:40,2.5,2.07,0.43,21.0,4014
delijn_bdbcc5d5-e34b-4899-96c8-159b8d4d58ce,delijn,ca0db256-0cec-11ed-bcbb-5b2868dda0fa,2022-10-28,16:27:40,2.5,2.07,0.43,21.0,4014
delijn_3cc0feab-65bd-4285-8788-70ad6f5c6799,delijn,ca0db256-0cec-11ed-bcbb-5b2868dda0fa,2022-10-28,16:27:40,2.5,2.07,0.43,21.0,4014
delijn_217b6466-8cfb-437f-b8a9-6871e98cc141,delijn,ca0db256-0cec-11ed-bcbb-5b2868dda0fa,2022-10-28,16:37:50,2.5,2.07,0.43,21.0,4014
delijn_fde6e6d4-a0ba-4a82-974d-24daabec76d6,delijn,ca0db256-0cec-11ed-bcbb-5b2868dda0fa,2022-10-28,16:37:50,2.5,2.07,0.43,21.0,4014
delijn_3834f00b-e2ae-41b0-9db1-9ae2015a1c15,delijn,ca0db256-0cec-11ed-bcbb-5b2868dda0fa,2022-10-28,16:37:50,2.5,2.07,0.43,21.0,4014
delijn_a99bd4fc-8ce5-47bf-ae75-326d14552422,delijn,ca0db256-0cec-11ed-bcbb-5b2868dda0fa,2022-10-28,16:37:50,2.5,2.07,0.43,21.0,4014
delijn_5aaf0bef-c509-4ea3-a7a0-d89a355737b6,delijn,ca0db256-0cec-11ed-bcbb-5b2868dda0fa,2022-10-28,16:37:50,2.5,2.07,0.43,21.0,4014
delijn_7841e63f-e24a-42c3-81c1-b6114b4f3115,delijn,ca0db256-0cec-11ed-bcbb-5b2868dda0fa,2022-10-28,16:37:50,2.5,2.07,0.43,21.0,4014
delijn_8d4f7d71-5bdc-4b41-b658-72d83de46f90,delijn,ca0db256-0cec-11ed-bcbb-5b2868dda0fa,2022-10-28,16:37:50,2.5,2.07,0.43,21.0,4014
delijn_3b600a00-45af-4993-8798-35889f64d327,delijn,bf9cdce0-29d2-11ed-9d34-9b9d14a7675e,2022-10-31,07:41:50,2.5,2.36,0.14,6.0,4014
nmbs_b9c48148-1d9d-4bbf-9896-d9434037bd2a,nmbs,3cfa52ee-2f82-11ed-930d-af4d6696baa1,2022-10-31,08:22:53,12.2,11.51,0.69,6.0,70938536-adcd-4367-bc78-717b199c9c5d_40000145
nmbs_934c9475-aa11-4c71-b738-909a17a08388,nmbs,3cfa52ee-2f82-11ed-930d-af4d6696baa1,2022-10-31,08:23:33,9.5,8.96,0.54,6.0,71ff4b98-c0d3-468e-9c4f-284a879f33a4_40000104
nmbs_c22ead93-52a6-4542-a6db-a4c3de52e67f,nmbs,3cfa52ee-2f82-11ed-930d-af4d6696baa1,2022-10-31,08:59:39,27.0,25.47,1.53,6.0,02a4377a-c13a-4af2-bf28-d1ed0d067563_40000056
delijn_5349a02d-afc1-4ccb-bfcc-61c56793c031,delijn,bf9cdce0-29d2-11ed-9d34-9b9d14a7675e,2022-10-31,09:26:35,2.5,2.36,0.14,6.0,4014
nmbs_96483888-ae96-4435-a50b-64f4ea957bac,nmbs,bf9cdce0-29d2-11ed-9d34-9b9d14a7675e,2022-10-31,09:27:07,5.9,5.57,0.33,6.0,9ba1b3f8-61d9-4e93-af33-892bf5e820fe_40000090
nmbs_35d9970e-ecfa-40ce-a020-5b95f37ff0e9,nmbs,3cfa52ee-2f82-11ed-930d-af4d6696baa1,2022-10-31,09:29:45,129.0,121.70,7.30,6.0,e7fb0e95-f62d-415c-a82f-9abd8a1331f0_40000055
nmbs_677cbc61-91a7-4a56-8e2d-7d12b96ec02a,nmbs,9394f70c-0107-11ed-b32d-771bbb18a580,2022-10-31,12:19:21,5.7,5.38,0.32,6.0,c5daa422-3075-4eb4-b85a-a95a28604f87_40000079
nmbs_6c49d081-59e3-442a-9886-aa42959f079b,nmbs,bf9cdce0-29d2-11ed-9d34-9b9d14a7675e,2022-10-31,12:47:12,84.0,79.25,4.75,6.0,4f219fe1-12ad-4458-95ba-eb3239785d21_40000055
delijn_9995c3f9-1b55-4a69-a3e3-106833de454e,delijn,ca0db256-0cec-11ed-bcbb-5b2868dda0fa,2022-10-31,13:08:54,2.5,2.07,0.43,21.0,4014
delijn_2d60c3b2-b34b-4273-99e6-705116ff0e62,delijn,ca0db256-0cec-11ed-bcbb-5b2868dda0fa,2022-10-31,13:08:54,2.5,2.07,0.43,21.0,4014
delijn_180f4a21-e40a-4a9a-ac29-27060e769d74,delijn,ca0db256-0cec-11ed-bcbb-5b2868dda0fa,2022-10-31,13:08:54,2.5,2.07,0.43,21.0,4014
delijn_a879200b-03fb-4069-85cd-12f679c648b9,delijn,ca0db256-0cec-11ed-bcbb-5b2868dda0fa,2022-10-31,13:08:54,2.5,2.07,0.43,21.0,4014
delijn_a3650e84-7a42-4cc4-a20d-69e79ce90d6a,delijn,ca0db256-0cec-11ed-bcbb-5b2868dda0fa,2022-10-31,13:08:54,2.5,2.07,0.43,21.0,4014
delijn_b242a73b-f139-43b1-bbac-f123ff81fd95,delijn,ca0db256-0cec-11ed-bcbb-5b2868dda0fa,2022-10-31,13:08:54,2.5,2.07,0.43,21.0,4014
delijn_b8314691-abad-4ec1-800b-205cddb53e7e,delijn,ca0db256-0cec-11ed-bcbb-5b2868dda0fa,2022-10-31,13:08:54,2.5,2.07,0.43,21.0,4014
delijn_896da79d-631f-44ef-9caf-27665db9d639,delijn,ca0db256-0cec-11ed-bcbb-5b2868dda0fa,2022-10-31,13:08:54,2.5,2.07,0.43,21.0,4014
delijn_b27dc9d6-fee2-4bd9-bf10-95a1e668f44e,delijn,ca0db256-0cec-11ed-bcbb-5b2868dda0fa,2022-10-31,13:08:54,2.5,2.07,0.43,21.0,4014
delijn_3ed4ff57-01c3-4a71-bd81-bf1953e0e3b3,delijn,ca0db256-0cec-11ed-bcbb-5b2868dda0fa,2022-10-31,13:08:54,2.5,2.07,0.43,21.0,4014
nmbs_0f090cce-1e2e-48d2-8f5e-fc8d85e9c3a8,nmbs,bf9cdce0-29d2-11ed-9d34-9b9d14a7675e,2022-10-31,14:14:28,84.0,79.25,4.75,6.0,d45c2036-ac99-49e9-a412-11d2dd6788af_40000055
nmbs_7300f9a3-3a07-4a58-9e66-760b4d0037da,nmbs,bf9cdce0-29d2-11ed-9d34-9b9d14a7675e,2022-10-31,14:31:01,84.0,79.25,4.75,6.0,15af76bc-a171-49cc-9bcf-cd1d5c3c025c_40000055
nmbs_8f6703bd-08d3-441f-8aa5-25ffecde41b6,nmbs,9394f70c-0107-11ed-b32d-771bbb18a580,2022-10-31,15:11:33,9.3,8.77,0.53,6.0,bb94aa23-f916-4a34-93be-6fe6c70b6929_40000105
nmbs_d8143643-e2d3-414d-aa75-ab6f249b2f01,nmbs,3cfa52ee-2f82-11ed-930d-af4d6696baa1,2022-11-04,09:25:57,19.0,17.92,1.08,6.0,6b072949-968c-4b9f-b874-30dca37f0a44_40000105
nmbs_6649d603-1109-4955-85ca-e9ce35cd233c,nmbs,3cfa52ee-2f82-11ed-930d-af4d6696baa1,2022-11-04,09:26:41,5.7,5.38,0.32,6.0,69e9f852-bfd2-46b4-9750-72908cb141c7_40000079
delijn_da0c6de9-9fd7-41bc-9c08-7ed57d268ffc,delijn,b894a488-2440-11ed-a05b-cbc7f2e09899,2022-11-04,10:21:57,2.5,2.36,0.14,6.0,4014
nmbs_549f4f62-2423-4d4a-a14a-44f88c02c1ab,nmbs,b894a488-2440-11ed-a05b-cbc7f2e09899,2022-11-04,10:25:07,2.5,2.36,0.14,6.0,b93e59db-586d-4c3e-8565-e4f34ace7b99_40000090
nmbs_826f49e9-86b5-4fd2-b8dc-44d8c18ae7bc,nmbs,b894a488-2440-11ed-a05b-cbc7f2e09899,2022-11-04,10:26:05,3.2,3.02,0.18,6.0,ff6ac6b4-bbe6-4c6f-925a-eb36b0683d38_40000090
nmbs_25d7d8c3-94c3-46bb-b2fe-143e9ceaf51b,nmbs,b894a488-2440-11ed-a05b-cbc7f2e09899,2022-11-04,10:27:46,27.0,25.47,1.53,6.0,5217545b-7247-4102-a00a-9d254e9d429e_40000056
nmbs_2d6f42a9-b51a-4208-a52e-df8f7d8835a9,nmbs,b894a488-2440-11ed-a05b-cbc7f2e09899,2022-11-04,11:13:21,15.8,14.91,0.89,6.0,6c32cad2-0ff9-4322-a5b9-1f97c41c5fdd_40000131
nmbs_9e98f572-eabd-4ab6-970f-6e347371f61f,nmbs,b894a488-2440-11ed-a05b-cbc7f2e09899,2022-11-04,11:20:13,2.5,2.36,0.14,6.0,faaa6ab7-96f8-41a8-b379-5c3f65cb2949_40000090
nmbs_9b4c671f-1ca1-4826-af4e-7df842298079,nmbs,b894a488-2440-11ed-a05b-cbc7f2e09899,2022-11-04,11:24:16,2.5,2.36,0.14,6.0,3caf7717-bc62-4a01-8c59-65fc79d554dc_40000090
nmbs_9fe859b0-d4a9-4cd0-a1eb-07df19b045d3,nmbs,bf9cdce0-29d2-11ed-9d34-9b9d14a7675e,2022-11-04,12:20:07,5.9,5.57,0.33,6.0,206ba0f1-a63e-4da5-bfd1-3d988832d87d_40000090
nmbs_978b4068-47fa-40c8-b5b5-bb712b7c8d81,nmbs,3cfa52ee-2f82-11ed-930d-af4d6696baa1,2022-11-04,12:59:39,12.8,12.08,0.72,6.0,76ffd304-c27e-4cc4-94d4-5ce173171a95_40000150
nmbs_aed881f6-b008-4940-85c2-7c1c1e7f55ae,nmbs,3cfa52ee-2f82-11ed-930d-af4d6696baa1,2022-11-04,12:59:42,12.8,12.08,0.72,6.0,83840cbe-e1e9-4172-8bca-8e6d1a9c70e1_40000150
nmbs_538d2e81-17fd-441c-97b1-732f7d1c8aae,nmbs,3cfa52ee-2f82-11ed-930d-af4d6696baa1,2022-11-04,13:15:26,12.3,11.60,0.70,6.0,a76df59f-09be-426f-a85d-dc6cd9978c73_40000090
nmbs_75449547-9d74-4f7f-8c0b-6bc57e172908,nmbs,3cfa52ee-2f82-11ed-930d-af4d6696baa1,2022-11-04,13:15:27,12.3,11.60,0.70,6.0,c2c03172-b5c3-4964-a81a-a5d697656f7c_40000090
nmbs_113454ed-8566-43f7-b526-3993570994e4,nmbs,3cfa52ee-2f82-11ed-930d-af4d6696baa1,2022-11-04,13:19:51,13.2,12.45,0.75,6.0,815ceaf1-575d-4109-afb6-d01c8cec480d_40000145
nmbs_ab90c198-7073-4399-9829-71932390fcc3,nmbs,3cfa52ee-2f82-11ed-930d-af4d6696baa1,2022-11-04,13:19:51,13.2,12.45,0.75,6.0,5ed7d3f9-fe5b-4a0a-b76b-c43c0fe6cc66_40000145
nmbs_04cec9cf-5441-4bcd-af42-47bd7fc20390,nmbs,3cfa52ee-2f82-11ed-930d-af4d6696baa1,2022-11-04,13:48:35,20.2,19.06,1.14,6.0,f648ebf3-25d5-475a-bb51-29477045e7dc_40000090
delijn_74c8dcae-c7ee-4a02-9163-e67527097429,delijn,4fec01e2-f92a-11ec-8da2-af994b8e82f3,2022-11-04,14:21:01,17.0,16.04,0.96,6.0,4010
delijn_2e26e136-9314-481f-89dd-d77e0d52498a,delijn,4fec01e2-f92a-11ec-8da2-af994b8e82f3,2022-11-04,14:21:01,17.0,16.04,0.96,6.0,4010
nmbs_e4cc6165-c236-4edb-bf4c-1c091ea034ef,nmbs,4fec01e2-f92a-11ec-8da2-af994b8e82f3,2022-11-04,14:21:41,27.0,25.47,1.53,6.0,565dfef5-0ac4-4722-aafc-635a8d3c5b70_40000056
delijn_5d0a79b8-8dd7-4a7f-8ee0-10ef66c434ae,delijn,ca0db256-0cec-11ed-bcbb-5b2868dda0fa,2022-11-08,09:20:07,2.5,2.07,0.43,21.0,4014
delijn_23a16c13-0df7-47ce-9708-5b3a7a6284a8,delijn,ca0db256-0cec-11ed-bcbb-5b2868dda0fa,2022-11-08,09:20:07,2.5,2.07,0.43,21.0,4014
delijn_09d89568-950e-446e-9167-4f2cc7d32a85,delijn,ca0db256-0cec-11ed-bcbb-5b2868dda0fa,2022-11-08,09:20:07,2.5,2.07,0.43,21.0,4014
delijn_d8788533-c3cf-411b-bb01-de7cf35a6266,delijn,ca0db256-0cec-11ed-bcbb-5b2868dda0fa,2022-11-08,09:20:07,2.5,2.07,0.43,21.0,4014
delijn_5d222043-bc6b-493d-adc5-0da806952397,delijn,ca0db256-0cec-11ed-bcbb-5b2868dda0fa,2022-11-08,09:20:07,2.5,2.07,0.43,21.0,4014
delijn_0bb83752-50ef-40d6-bb32-a71cca45fb12,delijn,ca0db256-0cec-11ed-bcbb-5b2868dda0fa,2022-11-08,09:20:07,2.5,2.07,0.43,21.0,4014
delijn_c73ce4bd-c853-4e98-82d2-bf85d16d2adc,delijn,7c618ba2-5ec4-11ed-b64c-7be33bd1f62c,2022-11-08,16:44:56,2.5,2.07,0.43,21.0,4014
delijn_8184923f-7b18-4c8d-ab33-4fcc0ed72a96,delijn,7c618ba2-5ec4-11ed-b64c-7be33bd1f62c,2022-11-08,16:44:56,2.5,2.07,0.43,21.0,4014
delijn_06e66009-ed6b-4e8a-9b18-092f1dc6d481,delijn,7c618ba2-5ec4-11ed-b64c-7be33bd1f62c,2022-11-08,16:44:56,2.5,2.07,0.43,21.0,4014
delijn_c63a4bc1-7dee-4cf9-a0c8-ae9eca16ca7d,delijn,7c618ba2-5ec4-11ed-b64c-7be33bd1f62c,2022-11-08,16:44:56,2.5,2.07,0.43,21.0,4014
delijn_b5f6dd63-ddb5-4281-bc92-91acaf3bfef0,delijn,7c618ba2-5ec4-11ed-b64c-7be33bd1f62c,2022-11-08,16:44:56,2.5,2.07,0.43,21.0,4014
delijn_103e2518-8334-43d5-8f8d-d0fad84a0d27,delijn,7c618ba2-5ec4-11ed-b64c-7be33bd1f62c,2022-11-08,16:44:56,2.5,2.07,0.43,21.0,4014
delijn_bc74f762-c8e1-4a74-920e-9786930eca91,delijn,7c618ba2-5ec4-11ed-b64c-7be33bd1f62c,2022-11-08,16:44:56,2.5,2.07,0.43,21.0,4014
delijn_f1c42bb0-e88b-4c9b-bc56-ae9beb061e1a,delijn,7c618ba2-5ec4-11ed-b64c-7be33bd1f62c,2022-11-08,16:44:56,2.5,2.07,0.43,21.0,4014
delijn_779cc5e9-fc73-44b2-9a96-76df9cf0df39,delijn,7c618ba2-5ec4-11ed-b64c-7be33bd1f62c,2022-11-08,16:44:56,2.5,2.07,0.43,21.0,4014
delijn_f3c0d0ee-d648-495b-a350-5b711d6653e1,delijn,4fec01e2-f92a-11ec-8da2-af994b8e82f3,2022-11-08,16:44:56,2.5,2.07,0.43,21.0,4014
delijn_1505ba96-2ac7-41ef-beeb-582862a5163b,delijn,9394f70c-0107-11ed-b32d-771bbb18a580,2022-11-09,12:05:43,2.5,2.07,0.43,21.0,4014
delijn_7b9007d2-b5ee-440f-9a37-0a9f95432cf8,delijn,9394f70c-0107-11ed-b32d-771bbb18a580,2022-11-09,12:05:43,2.5,2.07,0.43,21.0,4014
delijn_a3619eb0-bd51-452b-827a-4fd891d85e24,delijn,9394f70c-0107-11ed-b32d-771bbb18a580,2022-11-09,12:05:43,2.5,2.07,0.43,21.0,4014
delijn_eba8a486-f56e-437c-b8cb-0ccbd45aba26,delijn,9394f70c-0107-11ed-b32d-771bbb18a580,2022-11-09,12:05:43,2.5,2.07,0.43,21.0,4014
delijn_804730b6-b76c-48a1-bd65-29a5f9f50a9c,delijn,9394f70c-0107-11ed-b32d-771bbb18a580,2022-11-09,12:05:43,2.5,2.07,0.43,21.0,4014
delijn_93318297-8451-4fc3-86af-a14c3cfa4080,delijn,9394f70c-0107-11ed-b32d-771bbb18a580,2022-11-09,12:05:43,2.5,2.07,0.43,21.0,4014
delijn_abda2b6a-9bc2-4998-b32e-093dbce2c39a,delijn,9394f70c-0107-11ed-b32d-771bbb18a580,2022-11-09,12:05:43,2.5,2.07,0.43,21.0,4014
delijn_c162d32c-99ae-4aa8-a82a-9c3ed2bdc746,delijn,9394f70c-0107-11ed-b32d-771bbb18a580,2022-11-09,12:05:43,2.5,2.07,0.43,21.0,4014
delijn_6acab2ed-d76e-4f8a-95bf-9e622372d668,delijn,9394f70c-0107-11ed-b32d-771bbb18a580,2022-11-09,12:05:43,2.5,2.07,0.43,21.0,4014
delijn_75c8b026-a046-4b25-a397-26e1ff797653,delijn,9394f70c-0107-11ed-b32d-771bbb18a580,2022-11-09,12:05:43,2.5,2.07,0.43,21.0,4014
nmbs_5128a6b1-746c-4819-bf84-90405a0feb9f,nmbs,7c618ba2-5ec4-11ed-b64c-7be33bd1f62c,2022-11-09,15:56:21,5.7,4.71,0.99,21.0,0551fb30-d72a-46ed-beab-ef9ba60251f6_40000079
nmbs_8ff14a53-9e01-4b0d-a3bf-b7c8ab118e05,nmbs,7c618ba2-5ec4-11ed-b64c-7be33bd1f62c,2022-11-09,22:51:52,5.7,4.71,0.99,21.0,e2a6d2b3-8f79-4c5a-bc06-6ba798828855_40000079
nmbs_17d166a6-bfb1-419d-8487-d8c05bb6d268,nmbs,7c618ba2-5ec4-11ed-b64c-7be33bd1f62c,2022-11-10,14:56:08,5.7,4.71,0.99,21.0,319497ed-8126-40c9-a815-030147d6fbf6_40000079
delijn_9f1959d7-807a-4231-8248-0ce6ff342885,delijn,4e4ed6ea-6403-11ed-a824-431e8bbbc82a,2022-11-10,16:30:11,2.5,2.07,0.43,21.0,4014
delijn_5ed3831f-5078-40df-a7fd-e161e1e28a10,delijn,47167a30-6445-11ed-a975-4b4e3199b09f,2022-11-10,16:30:11,2.5,2.07,0.43,21.0,4014
delijn_70312400-fcdc-4393-b396-c14a46f3e60e,delijn,47167a30-6445-11ed-a975-4b4e3199b09f,2022-11-10,16:30:11,2.5,2.07,0.43,21.0,4014
delijn_eaf7f0cc-9cfb-41d4-9ec0-f17b1b6c0f61,delijn,47167a30-6445-11ed-a975-4b4e3199b09f,2022-11-10,16:30:11,2.5,2.07,0.43,21.0,4014
delijn_79796867-62ee-4403-8b9f-1f8f22c70d0b,delijn,2a521296-6450-11ed-84e8-e7777ee77453,2022-11-10,16:34:07,17.0,14.05,2.95,21.0,4010
delijn_6ed69bc0-562e-49f9-932a-24fdf8093d34,delijn,2a521296-6450-11ed-84e8-e7777ee77453,2022-11-10,16:34:07,17.0,14.05,2.95,21.0,4010
delijn_73a2c84c-7915-4599-a5b8-9c72ae7d7b7e,delijn,47167a30-6445-11ed-a975-4b4e3199b09f,2022-11-10,18:09:14,2.5,2.07,0.43,21.0,4014
delijn_f5ba1d5b-4e88-4b8d-916e-7fcf7f1abddd,delijn,47167a30-6445-11ed-a975-4b4e3199b09f,2022-11-10,18:09:14,2.5,2.07,0.43,21.0,4014
delijn_f7410a26-17b0-4693-9a0b-ca45f9554c43,delijn,47167a30-6445-11ed-a975-4b4e3199b09f,2022-11-10,18:09:14,2.5,2.07,0.43,21.0,4014
delijn_0c853c90-a9e2-4b76-a04a-697f1d475f78,delijn,9394f70c-0107-11ed-b32d-771bbb18a580,2022-11-11,16:11:22,2.5,2.07,0.43,21.0,4014
delijn_88767a92-7b34-4b50-9b77-cb92b472f5f4,delijn,9394f70c-0107-11ed-b32d-771bbb18a580,2022-11-11,16:11:22,2.5,2.07,0.43,21.0,4014
nmbs_97035289-0274-4dd5-b33d-4ddd704da922,nmbs,7c618ba2-5ec4-11ed-b64c-7be33bd1f62c,2022-11-14,09:27:56,5.7,4.71,0.99,21.0,a134c88c-2f5c-4192-ab65-2b1601169770_40000079
nmbs_bbf2ed3b-823f-4518-a579-50081bda56d5,nmbs,9394f70c-0107-11ed-b32d-771bbb18a580,2022-11-14,10:09:34,5.7,4.71,0.99,21.0,7bd70e3c-98c6-43b2-8913-ed82fe71e9e5_40000079
nmbs_e78a3bcc-d3d9-4435-9342-2786c6d4164e,nmbs,4e4ed6ea-6403-11ed-a824-431e8bbbc82a,2022-11-14,11:07:43,21.5,17.77,3.73,21.0,55ac3c46-8b7c-4d3e-9ec2-ee82ae98e14d_40000090
nmbs_aebd3513-72c4-4b62-ad55-78818317370e,nmbs,4e4ed6ea-6403-11ed-a824-431e8bbbc82a,2022-11-14,11:38:38,5.7,4.71,0.99,21.0,5ce0e16b-97f9-4dc7-bc1d-c5828b0082c5_40000079
nmbs_3b12aa0d-5f42-4b15-a6d5-1dc6297bacce,nmbs,4e4ed6ea-6403-11ed-a824-431e8bbbc82a,2022-11-14,11:51:43,38.8,32.07,6.73,21.0,cb7a8da6-0125-46e5-8153-07abb201729b_40000090
nmbs_17209e9d-0dda-4857-aea0-95b62cc8cda9,nmbs,4e4ed6ea-6403-11ed-a824-431e8bbbc82a,2022-11-14,11:54:26,12.2,10.08,2.12,21.0,92b0ce70-2020-4029-80df-44f11e311767_40000145
nmbs_721b9c12-c03d-4f6b-bcaa-9e3ac23cdfba,nmbs,9394f70c-0107-11ed-b32d-771bbb18a580,2022-11-14,12:36:15,27.0,22.31,4.69,21.0,c2c20638-a044-4088-b0fc-cfaaa445bc20_40000056
nmbs_3219bc9f-cb17-408e-a7a9-a983423fa9aa,nmbs,4e4ed6ea-6403-11ed-a824-431e8bbbc82a,2022-11-14,12:55:58,5.7,4.71,0.99,21.0,9b820440-ad6c-44b6-bd43-cbb42153226f_40000071
delijn_b36967d2-513e-439b-84cd-19110c5f6036,delijn,52274294-6411-11ed-a52b-770e77df49fb,2022-11-14,13:18:12,2.5,2.07,0.43,21.0,4014
nmbs_b3d3c24a-68e4-4743-879b-1ff1ca307d9b,nmbs,4e4ed6ea-6403-11ed-a824-431e8bbbc82a,2022-11-14,13:21:50,24.4,20.17,4.23,21.0,9c9da90b-1b0e-4957-a710-a40dac8272dd_40000145
nmbs_2fd86a23-a140-471a-bed2-dfa64d8483ab,nmbs,4e4ed6ea-6403-11ed-a824-431e8bbbc82a,2022-11-14,13:23:39,5.7,4.71,0.99,21.0,bfac2ede-bdd2-4f50-a3c9-17dc1c27a345_40000071
nmbs_0b64214a-501d-4ccd-85bc-b7d97def1170,nmbs,4e4ed6ea-6403-11ed-a824-431e8bbbc82a,2022-11-14,13:36:19,12.8,10.58,2.22,21.0,41177857-aef0-4b78-b26b-6ad3134392eb_40000150
nmbs_7a4b3264-8de4-490c-ad54-75bacba02990,nmbs,4e4ed6ea-6403-11ed-a824-431e8bbbc82a,2022-11-14,13:40:51,19.4,16.03,3.37,21.0,92c4c9d6-69bf-4b97-9049-ffe9b23df3cd_40000131
nmbs_43e7adb5-8e0b-49a8-a680-8e80cc975077,nmbs,4e4ed6ea-6403-11ed-a824-431e8bbbc82a,2022-11-14,13:42:32,8.1,6.69,1.41,21.0,0f726120-3554-4f8c-9a31-43b9a3a0880c_40000106
nmbs_f4f9e6e5-07d0-467a-b63a-6b1b78c75759,nmbs,4e4ed6ea-6403-11ed-a824-431e8bbbc82a,2022-11-14,13:44:48,9.5,7.85,1.65,21.0,ab98a234-065e-42ce-8e3c-71513b84b3ff_40000105
nmbs_5daef35b-e761-416c-b3a0-3e3ccf471c82,nmbs,4e4ed6ea-6403-11ed-a824-431e8bbbc82a,2022-11-14,13:47:18,6.6,5.45,1.15,21.0,fca84fd3-5460-4f16-9aa2-61d3e57dd8f1_40000145
nmbs_d29d1ab4-3ef6-4573-a48e-a32fd016440d,nmbs,4e4ed6ea-6403-11ed-a824-431e8bbbc82a,2022-11-14,13:49:31,9.7,8.02,1.68,21.0,b3e0c06c-d03f-4b5e-b844-e885617416c2_40000104
delijn_446e3b16-fa26-4e17-bff2-a39651ae579f,delijn,52274294-6411-11ed-a52b-770e77df49fb,2022-11-14,13:59:51,2.5,2.07,0.43,21.0,4014
delijn_d3d978da-7952-4114-84fc-7db6aff28d69,delijn,52274294-6411-11ed-a52b-770e77df49fb,2022-11-14,14:00:34,2.5,2.07,0.43,21.0,4014
nmbs_c90181e6-7227-4239-b01b-3bb577e535b8,nmbs,52274294-6411-11ed-a52b-770e77df49fb,2022-11-14,15:06:31,11.7,9.67,2.03,21.0,62ce21ef-3c7a-4ae0-8251-ccd281820196_40000090
delijn_55feea9a-0a38-46a4-ae31-44e4cd75a2a6,delijn,52274294-6411-11ed-a52b-770e77df49fb,2022-11-14,15:18:36,2.5,2.07,0.43,21.0,4014
delijn_a0254559-c394-4c67-b591-40f8bdb8895a,delijn,52274294-6411-11ed-a52b-770e77df49fb,2022-11-14,15:18:57,17.0,14.05,2.95,21.0,4010
delijn_16f72da8-c052-47dc-83b0-b192666f17ef,delijn,52274294-6411-11ed-a52b-770e77df49fb,2022-11-14,15:18:57,17.0,14.05,2.95,21.0,4010
nmbs_14bb7e9d-7972-4ad9-bfdd-d755abb2f75c,nmbs,52274294-6411-11ed-a52b-770e77df49fb,2022-11-14,15:19:43,11.0,9.09,1.91,21.0,23b16583-d809-40a2-a1c1-1307e87d092b_40000090
nmbs_284eaa86-8e53-493e-9262-408e37b11ee5,nmbs,52274294-6411-11ed-a52b-770e77df49fb,2022-11-14,15:20:29,84.0,69.42,14.58,21.0,8b4f9941-4897-4a96-abbc-b342cb1e5be8_40000055
nmbs_074144d7-b13d-4577-9479-052382114a14,nmbs,afb3ff92-641b-11ed-8167-47fa3347eb4c,2022-11-14,15:33:55,9.2,7.60,1.60,21.0,a99c2386-a464-4930-b32c-3917788865ca_40000090
nmbs_85e4d864-1b40-4768-a5ba-2c36ee847f96,nmbs,afb3ff92-641b-11ed-8167-47fa3347eb4c,2022-11-14,16:09:59,12.2,10.08,2.12,21.0,711f36de-ccd5-4d1a-acd6-be95e6c3950b_40000145
nmbs_85d3fd78-4295-4460-8739-512f72e2d4f5,nmbs,9394f70c-0107-11ed-b32d-771bbb18a580,2022-11-14,16:18:43,27.0,22.31,4.69,21.0,93a734f3-8b85-4672-8cc8-c03b4edf08ed_40000056
nmbs_15f1e0d8-f85d-4553-bdad-e91efe54e468,nmbs,afb3ff92-641b-11ed-8167-47fa3347eb4c,2022-11-14,16:21:25,9.2,7.60,1.60,21.0,0d829273-3cd8-4158-bc8b-5b1436e2955d_40000090
nmbs_ce485402-8261-4708-94e4-a1511bf58dcb,nmbs,afb3ff92-641b-11ed-8167-47fa3347eb4c,2022-11-14,16:32:26,12.3,10.17,2.13,21.0,89ee0d37-0e0f-4966-9af5-161a3ed91ff8_40000090
nmbs_beceda4f-b759-4732-8606-f627c1bc060c,nmbs,afb3ff92-641b-11ed-8167-47fa3347eb4c,2022-11-14,16:33:29,12.3,10.17,2.13,21.0,042c7d1d-5c79-48fc-98a0-6f06d473c426_40000090
nmbs_80f4e996-6b2d-41b2-99c0-40174869ec18,nmbs,afb3ff92-641b-11ed-8167-47fa3347eb4c,2022-11-14,16:34:07,6.6,5.45,1.15,21.0,4d71c20e-e09c-483e-8b32-10240d6faf96_40000145
nmbs_a821b466-ea3b-484f-8d48-ab4868c6a1a3,nmbs,afb3ff92-641b-11ed-8167-47fa3347eb4c,2022-11-14,16:35:30,6.1,5.04,1.06,21.0,333018c6-37c1-4e2c-a29c-6ee53d718227_40000104
nmbs_3c266370-543f-47a8-a610-461614a6548e,nmbs,afb3ff92-641b-11ed-8167-47fa3347eb4c,2022-11-14,16:36:43,12.2,10.08,2.12,21.0,29341979-cf91-475a-864d-1b9e6052e70d_40000145
nmbs_1a65dfa3-f294-497f-94c3-c08194751593,nmbs,afb3ff92-641b-11ed-8167-47fa3347eb4c,2022-11-14,16:39:40,5.7,4.71,0.99,21.0,083bfa79-9ce6-4be2-9b36-50e5225ec23b_40000079
nmbs_48270696-2a4a-4bf8-a10f-0bd5ad95135c,nmbs,afb3ff92-641b-11ed-8167-47fa3347eb4c,2022-11-14,16:44:44,9.5,7.85,1.65,21.0,a3bc8222-4d7c-42ad-a444-b629302224dc_40000105
nmbs_39011b81-c958-4b22-9b64-8c9ad468e7f4,nmbs,9180b986-6441-11ed-bc17-3b320515eb51,2022-11-14,18:29:16,12.2,10.08,2.12,21.0,a46c2456-349c-4e55-b9ad-0d9becf3c79d_40000145
nmbs_f4478c9b-9d3c-4efc-a51f-ba9de121b846,nmbs,f6ce593c-6442-11ed-a03d-bbe3cbc56995,2022-11-14,18:40:28,24.4,20.17,4.23,21.0,aa20e904-e0b9-492c-90ac-b1b29c58c2fb_40000145
nmbs_57121549-1bee-4e53-b7b7-2eb84608ef16,nmbs,f6ce593c-6442-11ed-a03d-bbe3cbc56995,2022-11-14,18:41:07,5.7,4.71,0.99,21.0,82bcf7f7-5b9c-483e-bbb5-7c5890dca515_40000071
nmbs_076c1a48-8b5c-4d38-8791-830b0198e783,nmbs,f6ce593c-6442-11ed-a03d-bbe3cbc56995,2022-11-14,18:42:08,9.5,7.85,1.65,21.0,ce82b4c0-d767-454b-b855-b9c9c91dcf33_40000106
nmbs_d2c2ac6c-cfab-45ff-ab0d-209fe782107e,nmbs,f6ce593c-6442-11ed-a03d-bbe3cbc56995,2022-11-14,18:42:54,8.1,6.69,1.41,21.0,9b1adcc2-b2ad-4e61-90e6-b995baf603bb_40000104
nmbs_6c30ccc3-50c2-4226-9ffb-7c55319f04e0,nmbs,f6ce593c-6442-11ed-a03d-bbe3cbc56995,2022-11-14,18:45:31,8.1,6.69,1.41,21.0,7f502358-b196-40b6-812f-4f6772471678_40000106
nmbs_97b1b071-aa20-4567-b14d-d7def2c0bf58,nmbs,f6ce593c-6442-11ed-a03d-bbe3cbc56995,2022-11-14,18:46:40,3.2,2.64,0.56,21.0,8e19af65-4a24-4c04-bc8d-79f7cb1a6ce2_40000105
nmbs_03da8301-38d4-4c7c-88ad-bace288da66b,nmbs,f6ce593c-6442-11ed-a03d-bbe3cbc56995,2022-11-14,18:47:35,8.7,7.19,1.51,21.0,92c58b55-4010-4da3-868a-4a2d68a2a134_40000105
nmbs_cf8d2c39-5c7a-47ef-80f0-6647ac185747,nmbs,47167a30-6445-11ed-a975-4b4e3199b09f,2022-11-14,19:01:08,6.6,5.45,1.15,21.0,28bd564c-3424-469b-a613-7456630e4d68_40000145
delijn_73a0fb68-2627-455d-8e20-ba03a564394d,delijn,2a521296-6450-11ed-84e8-e7777ee77453,2022-11-14,19:02:41,2.5,2.07,0.43,21.0,4014
delijn_5ec4c808-437f-437b-9c0b-49489b2f4fe6,delijn,2a521296-6450-11ed-84e8-e7777ee77453,2022-11-14,19:02:41,2.5,2.07,0.43,21.0,4014
delijn_5cbe1bc4-253d-472b-b0ec-6141f88daa25,delijn,2a521296-6450-11ed-84e8-e7777ee77453,2022-11-14,19:02:41,2.5,2.07,0.43,21.0,4014
delijn_de8b3bd7-e532-4a04-87c0-ceb009753477,delijn,829b1bdc-64b4-11ed-a1d5-5362e354ecb0,2022-11-14,19:02:41,2.5,2.07,0.43,21.0,4014
delijn_5a32a167-34e0-493e-8521-e1bbb5fbb1ad,delijn,829b1bdc-64b4-11ed-a1d5-5362e354ecb0,2022-11-14,19:03:37,2.5,2.07,0.43,21.0,4014
delijn_bce032b6-cdbc-43fa-8568-54fb0a7ea72f,delijn,7c54879a-64d2-11ed-bee1-6f5a75d608e5,2022-11-14,19:04:18,2.5,2.07,0.43,21.0,4014
delijn_54b70a0e-6911-41c3-a647-f215d7e85e08,delijn,7c54879a-64d2-11ed-bee1-6f5a75d608e5,2022-11-14,19:04:18,2.5,2.07,0.43,21.0,4014
nmbs_0ea26d70-7c68-4688-bd83-465042f5eb8c,nmbs,47167a30-6445-11ed-a975-4b4e3199b09f,2022-11-14,19:11:16,5.7,4.71,0.99,21.0,8ef9f8a5-298c-4ee4-826e-75735e6dffd3_40000079
nmbs_fa613620-c68a-4cc6-8f61-714411028909,nmbs,47167a30-6445-11ed-a975-4b4e3199b09f,2022-11-14,19:14:39,12.8,10.58,2.22,21.0,40ce02b7-f5e9-4e41-8850-424411ea3be7_40000150
nmbs_197014b6-072c-4e7a-9609-48d71df4128a,nmbs,2a521296-6450-11ed-84e8-e7777ee77453,2022-11-14,20:14:11,24.4,20.17,4.23,21.0,d0aef5e1-0ec2-4e6b-b265-bec18067881a_40000145
delijn_ba2bec3d-aab0-43e7-9a18-5b2fbc5e518f,delijn,047c250c-6509-11ed-aba0-0b52ed213285,2022-11-15,07:45:31,17.0,14.05,2.95,21.0,4010
delijn_58f33d14-3945-4bf0-aa72-f32088c286b5,delijn,047c250c-6509-11ed-aba0-0b52ed213285,2022-11-15,07:45:31,17.0,14.05,2.95,21.0,4010
delijn_46b1b233-161b-4484-8768-78a778f4e974,delijn,bd8741aa-542c-11ed-8d97-c73bc62d1389,2022-11-15,07:52:28,17.0,14.05,2.95,21.0,4010
delijn_270f13d4-27e7-4d86-a782-59d6f01f3f9e,delijn,bd8741aa-542c-11ed-8d97-c73bc62d1389,2022-11-15,07:52:28,17.0,14.05,2.95,21.0,4010
delijn_ec83597d-5e68-4ca3-87cd-7bd618db6afb,delijn,a31d18d0-64e4-11ed-aa99-4f1eeb34a376,2022-11-15,08:23:44,2.5,2.07,0.43,21.0,4014
delijn_81544d76-31a4-40e5-89e1-b4e1d97901a0,delijn,a31d18d0-64e4-11ed-aa99-4f1eeb34a376,2022-11-15,08:23:44,2.5,2.07,0.43,21.0,4014
nmbs_4da03221-25c2-4409-80f0-4a46a214e103,nmbs,b808fcbe-64c6-11ed-985f-b72718a1672d,2022-11-15,10:31:46,3.5,2.89,0.61,21.0,dc477a98-905c-4f0e-99b8-45f706de32b5_40000090
nmbs_2921edb7-54a6-49aa-bb1e-ea6346a061d6,nmbs,b808fcbe-64c6-11ed-985f-b72718a1672d,2022-11-15,10:55:38,27.0,22.31,4.69,21.0,748d408d-d666-4a28-a216-bb0d4d795a81_40000056
nmbs_74bf8908-8484-468f-b5da-303ad9ec324e,nmbs,9394f70c-0107-11ed-b32d-771bbb18a580,2022-11-15,11:03:10,5.7,4.71,0.99,21.0,110aa2ce-2d33-4e59-b2a5-fb4e751b6ce8_40000079
nmbs_c680ebfd-0fc7-4511-9692-c054a85aacd4,nmbs,9394f70c-0107-11ed-b32d-771bbb18a580,2022-11-15,11:05:34,5.7,4.71,0.99,21.0,2c199e4b-5604-44b3-8282-c70fe1d6c660_40000079
nmbs_b7266333-3b9c-4b26-a140-dca6db1d3f72,nmbs,bf9cdce0-29d2-11ed-9d34-9b9d14a7675e,2022-11-15,11:49:33,5.9,4.88,1.02,21.0,a89bb3a0-e1e7-4146-82cf-ef481f55587a_40000090
delijn_af27135d-d50b-47d0-888d-3e9115b05764,delijn,bf9cdce0-29d2-11ed-9d34-9b9d14a7675e,2022-11-15,11:51:10,2.5,2.07,0.43,21.0,4014
nmbs_5dc43ef3-2a9a-4ec9-8157-5e82c41663c1,nmbs,7c54879a-64d2-11ed-bee1-6f5a75d608e5,2022-11-15,12:07:12,12.2,10.08,2.12,21.0,a5e19aa8-b33c-4021-a255-af228d862b8c_40000145
nmbs_b7722eff-6494-4d4a-85b5-2b82a682bac4,nmbs,7c54879a-64d2-11ed-bee1-6f5a75d608e5,2022-11-15,12:08:13,5.7,4.71,0.99,21.0,8684f7f3-fcca-421f-bdd0-bce227c0223a_40000079
delijn_aaea88f1-9c78-4d51-b119-1011c0a5f67e,delijn,047c250c-6509-11ed-aba0-0b52ed213285,2022-11-15,12:12:49,2.5,2.07,0.43,21.0,4014
delijn_e6fe97c7-2999-456b-bbac-e99d0520aa9c,delijn,047c250c-6509-11ed-aba0-0b52ed213285,2022-11-15,12:12:49,2.5,2.07,0.43,21.0,4014
delijn_3d5a54aa-dba0-4b22-a130-710bd5602f95,delijn,047c250c-6509-11ed-aba0-0b52ed213285,2022-11-15,12:12:49,2.5,2.07,0.43,21.0,4014
delijn_884b016e-b4c3-4484-b7b0-928de6587de2,delijn,047c250c-6509-11ed-aba0-0b52ed213285,2022-11-15,12:12:49,2.5,2.07,0.43,21.0,4014
delijn_3fcba7ec-bc10-4ba9-b34a-d8d9ff455f0f,delijn,bd8741aa-542c-11ed-8d97-c73bc62d1389,2022-11-15,12:12:49,2.5,2.07,0.43,21.0,4014
nmbs_45e7ed32-d609-41ee-9ff3-9b59795eb35b,nmbs,7c618ba2-5ec4-11ed-b64c-7be33bd1f62c,2022-11-15,12:50:21,5.7,4.71,0.99,21.0,cc1878ea-18a1-41ca-84b5-e9982ea4d26c_40000079
nmbs_20221dd4-0156-47b3-9d08-1da0ff74d695,nmbs,7c54879a-64d2-11ed-bee1-6f5a75d608e5,2022-11-15,13:00:21,9.2,7.60,1.60,21.0,ddb5b70f-46f5-47c3-a4ad-4df340ec1e23_40000090
nmbs_982a9e71-b098-4fa1-b98c-4a804a1ebe10,nmbs,7c618ba2-5ec4-11ed-b64c-7be33bd1f62c,2022-11-15,13:36:34,5.7,4.71,0.99,21.0,ea6d9319-eb13-471f-9e04-8e90ff340e2f_40000079
nmbs_7a9977a3-6131-4810-872d-6626ca41ea1d,nmbs,d625283e-64e0-11ed-a6f3-432fd7c18497,2022-11-15,13:40:43,12.3,10.17,2.13,21.0,fbd847af-e1ec-4b43-8bfc-98f7f87f0bb6_40000090
nmbs_660b25da-70d8-4127-abed-922c4d836280,nmbs,d625283e-64e0-11ed-a6f3-432fd7c18497,2022-11-15,13:41:29,12.2,10.08,2.12,21.0,bbf006f4-811a-466f-b4ae-f2a0c6d02a55_40000145
nmbs_51aaa920-6532-4151-af5b-31f936d21ef6,nmbs,d625283e-64e0-11ed-a6f3-432fd7c18497,2022-11-15,14:42:03,8.9,7.36,1.54,21.0,0c3fb4a1-0435-40a3-ad56-e7e5ba397020_40000090
nmbs_5a279d67-3a9a-4db6-ad75-e23c75fb5e7e,nmbs,d625283e-64e0-11ed-a6f3-432fd7c18497,2022-11-15,15:10:13,5.7,4.71,0.99,21.0,ea1da2fc-03a4-43fc-bb04-4485ff82afd9_40000079
nmbs_b328dd02-cf1f-43d1-b7f1-b3cd04fd9087,nmbs,d625283e-64e0-11ed-a6f3-432fd7c18497,2022-11-15,15:11:13,9.2,7.60,1.60,21.0,69d3dc23-01de-44b4-baf3-45f474bca58c_40000090
delijn_63f7b2c7-09ec-41cf-88b0-1179be8d19f4,delijn,bd8741aa-542c-11ed-8d97-c73bc62d1389,2022-11-15,16:02:52,2.5,2.07,0.43,21.0,4014
delijn_5dd6177d-7088-4959-b701-69438ebc7d0a,delijn,bd8741aa-542c-11ed-8d97-c73bc62d1389,2022-11-15,16:02:52,2.5,2.07,0.43,21.0,4014
delijn_5ff82256-c571-4091-9089-a3d1e154cc63,delijn,bd8741aa-542c-11ed-8d97-c73bc62d1389,2022-11-15,16:08:47,2.5,2.07,0.43,21.0,4014
delijn_257f8cb9-9015-4c41-b094-8143b5c03426,delijn,bd8741aa-542c-11ed-8d97-c73bc62d1389,2022-11-15,16:08:47,2.5,2.07,0.43,21.0,4014
nmbs_14cbe683-f45f-426b-ba57-0d2d7f389cda,nmbs,047c250c-6509-11ed-aba0-0b52ed213285,2022-11-16,08:05:04,8.1,6.69,1.41,21.0,0b857087-c379-4964-8970-ccfc21994005_40000090
nmbs_c1b2e016-93aa-4227-b20f-ebed34abc0dc,nmbs,047c250c-6509-11ed-aba0-0b52ed213285,2022-11-16,08:12:30,5.7,4.71,0.99,21.0,d9f1e4aa-2d07-4d3b-8cde-b56c6b7c3243_40000079
nmbs_86e00870-88c6-4ce8-8554-fdacae8f7e9a,nmbs,047c250c-6509-11ed-aba0-0b52ed213285,2022-11-16,08:17:04,12.8,10.58,2.22,21.0,13d7490f-a0b2-4be3-84bf-0c6bba5df4d3_40000150
nmbs_46201871-0694-47a4-bab0-f72b39fe859a,nmbs,047c250c-6509-11ed-aba0-0b52ed213285,2022-11-16,08:18:11,27.0,22.31,4.69,21.0,ab335145-46b2-4039-8fa4-6564f3fe420d_40000056
delijn_e913e816-4433-44fd-85e4-0c80477c31fa,delijn,bd8741aa-542c-11ed-8d97-c73bc62d1389,2022-11-16,08:22:30,2.5,2.07,0.43,21.0,4014
delijn_ff528388-e5f9-46cf-bb32-58645af57f5c,delijn,047c250c-6509-11ed-aba0-0b52ed213285,2022-11-16,08:25:16,2.5,2.07,0.43,21.0,4014
delijn_0e86f9c3-d00c-40c9-a928-7f8a36f1818f,delijn,047c250c-6509-11ed-aba0-0b52ed213285,2022-11-16,08:25:16,2.5,2.07,0.43,21.0,4014
nmbs_56c0602d-3f19-486d-b0d2-ac56df4e9591,nmbs,047c250c-6509-11ed-aba0-0b52ed213285,2022-11-16,08:40:36,8.1,6.69,1.41,21.0,2ecce99a-3b64-42ed-aabd-af6da93f5dbb_40000090
delijn_a327753f-d359-4189-8e40-1185a9829e57,delijn,bf9cdce0-29d2-11ed-9d34-9b9d14a7675e,2022-11-16,11:55:37,2.5,2.07,0.43,21.0,4014
delijn_0ce0462d-7772-4b9d-8ec8-64ba996e0e6d,delijn,ca0db256-0cec-11ed-bcbb-5b2868dda0fa,2022-11-16,12:14:17,17.0,14.05,2.95,21.0,4010
nmbs_2777dc36-6a26-4c72-967c-fdee9176a689,nmbs,047c250c-6509-11ed-aba0-0b52ed213285,2022-11-16,12:21:28,12.2,10.08,2.12,21.0,c256170c-4cec-4626-9d63-7df9192bc85a_40000145
nmbs_c324b3f9-ca3f-4b84-aee5-b731fbcbbfce,nmbs,bd8741aa-542c-11ed-8d97-c73bc62d1389,2022-11-16,12:25:41,12.2,10.08,2.12,21.0,cd3d2b20-ed0e-4cbb-a134-931fc50881c8_40000145
nmbs_1f74cb41-c207-44c1-9be6-958d64203048,nmbs,bd8741aa-542c-11ed-8d97-c73bc62d1389,2022-11-16,13:09:41,84.0,69.42,14.58,21.0,213345f2-35a5-48e4-820c-7d88406a1286_40000055
nmbs_311f291c-4124-4c90-ae80-4f4edaf0a1d8,nmbs,047c250c-6509-11ed-aba0-0b52ed213285,2022-11-16,16:06:01,9.2,7.60,1.60,21.0,55c74b74-ecc0-42ba-bda1-d50220395bdf_40000090
nmbs_fc5e4ee6-fe8c-4453-af9c-bffb6c553220,nmbs,047c250c-6509-11ed-aba0-0b52ed213285,2022-11-16,16:08:11,9.2,7.60,1.60,21.0,b9741453-ecba-411b-96a7-87af06fe3efb_40000090
nmbs_b0c177c0-38d8-40d4-82ff-85112e59f395,nmbs,bd8741aa-542c-11ed-8d97-c73bc62d1389,2022-11-17,08:00:28,27.0,22.31,4.69,21.0,a1954ab8-e124-4c2d-85c7-50ba6f4639af_40000056
delijn_2c539018-83b5-49b4-acbf-8e0085928a81,delijn,d39547b0-3809-11ed-9b5f-d7b8b716516f,2022-11-18,06:54:16,17.0,14.05,2.95,21.0,4010
delijn_064713d0-30a3-4487-917d-d69a0de60651,delijn,047c250c-6509-11ed-aba0-0b52ed213285,2022-11-18,08:07:28,2.5,2.07,0.43,21.0,4014
delijn_3b41e62c-3a67-4772-a528-1a6a72d4ed30,delijn,047c250c-6509-11ed-aba0-0b52ed213285,2022-11-18,08:11:38,2.5,2.07,0.43,21.0,4014
delijn_870584c0-96fb-4959-af4b-014957bf4743,delijn,047c250c-6509-11ed-aba0-0b52ed213285,2022-11-18,08:12:13,2.5,2.07,0.43,21.0,4014
delijn_9bde49a9-c69a-4a2d-a4db-30bad110c224,delijn,ca0db256-0cec-11ed-bcbb-5b2868dda0fa,2022-11-18,08:28:32,2.5,2.07,0.43,21.0,4014
delijn_18a5096e-5a3c-4cd6-a60a-54a5fc701b85,delijn,d39547b0-3809-11ed-9b5f-d7b8b716516f,2022-11-18,08:30:02,,,,,4014
delijn_e161dc6c-b55d-44d5-bb4e-5a1b1cb03a99,delijn,d39547b0-3809-11ed-9b5f-d7b8b716516f,2022-11-18,08:31:52,,,,,4014
delijn_55a20b37-07d1-48f0-bbe0-5b74bf1330ea,delijn,d39547b0-3809-11ed-9b5f-d7b8b716516f,2022-11-18,08:33:44,,,,,4014
delijn_69d4567a-bbfc-486b-ad28-00ad2f9f52a7,delijn,d39547b0-3809-11ed-9b5f-d7b8b716516f,2022-11-18,08:36:54,,,,,4010
delijn_55333fa5-9510-49e7-8991-9261684c1788,delijn,d39547b0-3809-11ed-9b5f-d7b8b716516f,2022-11-18,08:41:35,,,,,4014
delijn_6ee6fb0b-d804-4d47-ac57-507af3c59c6c,delijn,3cfa52ee-2f82-11ed-930d-af4d6696baa1,2022-11-18,08:51:32,2.5,2.07,0.43,21.0,4014
delijn_5bc663a9-501a-4b2c-bc97-928b5db29220,delijn,3cfa52ee-2f82-11ed-930d-af4d6696baa1,2022-11-18,08:53:27,2.5,2.07,0.43,21.0,4014
nmbs_5d036e0b-3cb8-4948-9015-aa16305e21b4,nmbs,047c250c-6509-11ed-aba0-0b52ed213285,2022-11-18,09:31:23,5.7,4.71,0.99,21.0,1f71e08f-db54-4d3e-9c7c-a9b648da5686_40000079
delijn_0c5db271-b5e0-40e7-b145-a90ea37d821e,delijn,bf9cdce0-29d2-11ed-9d34-9b9d14a7675e,2022-11-18,09:46:28,2.5,2.07,0.43,21.0,4014
delijn_0d155e2c-366b-4525-8a85-62ef3a5bc56e,delijn,bf9cdce0-29d2-11ed-9d34-9b9d14a7675e,2022-11-18,09:52:34,2.5,2.07,0.43,21.0,4014
delijn_e6cdfe90-a633-44c4-b25e-8fcc24a7b9e2,delijn,047c250c-6509-11ed-aba0-0b52ed213285,2022-11-18,10:27:36,2.5,2.07,0.43,21.0,4014
delijn_6192ff78-19a2-4926-af60-731f5e9516a8,delijn,60c25620-01e4-11ed-b468-8bbe8bc357bd,2022-11-18,10:54:44,2.5,2.07,0.43,21.0,4014
delijn_58c59cd9-b67f-45a5-98e3-5e241f0d6806,delijn,bf9cdce0-29d2-11ed-9d34-9b9d14a7675e,2022-11-18,11:39:40,2.5,2.07,0.43,21.0,4014
nmbs_2c775ac2-d205-4e95-845a-7ffc365df49d,nmbs,047c250c-6509-11ed-aba0-0b52ed213285,2022-11-18,11:58:49,35.0,28.93,6.07,21.0,5d821b87-8e98-4a6c-88e9-91580834c31e_40000056
delijn_5bc60b48-41be-4441-961a-20536484300e,delijn,d39547b0-3809-11ed-9b5f-d7b8b716516f,2022-11-18,12:03:51,2.5,2.07,0.43,21.0,4014
delijn_4feb6f25-485c-4042-87a4-aac2cda6abbf,delijn,d39547b0-3809-11ed-9b5f-d7b8b716516f,2022-11-18,12:06:12,2.5,2.07,0.43,21.0,4014
nmbs_34c16fa7-b31b-4c2d-bc04-8869e964a718,nmbs,047c250c-6509-11ed-aba0-0b52ed213285,2022-11-18,12:13:10,84.0,69.42,14.58,21.0,bfd4bcd0-3fa5-49ea-bccd-612e3ebf7cf5_40000055
nmbs_c4e922c2-4b99-40c2-95e6-dd7cd62b9b40,nmbs,047c250c-6509-11ed-aba0-0b52ed213285,2022-11-18,12:47:19,12.2,10.08,2.12,21.0,48cdd8ff-b5d2-4771-9a6f-366e531317ed_40000145
nmbs_2fc5de30-5287-480f-886a-d2c99de629fe,nmbs,047c250c-6509-11ed-aba0-0b52ed213285,2022-11-18,13:09:41,27.0,22.31,4.69,21.0,842625de-e402-4e56-ae64-c8e07c9861b3_40000056
nmbs_fb0174d2-9c21-467d-b680-2c67b4482b54,nmbs,bf9cdce0-29d2-11ed-9d34-9b9d14a7675e,2022-11-18,14:55:45,27.0,22.31,4.69,21.0,edebc556-06fd-458c-a220-719802514d68_40000056
nmbs_fac2e3b4-c98d-475a-8b66-caccaaa55117,nmbs,bf9cdce0-29d2-11ed-9d34-9b9d14a7675e,2022-11-18,15:12:56,6.6,5.45,1.15,21.0,f710eeab-c03e-46e2-a05a-cb99915d697e_40000145
delijn_335b01e3-ba5b-4a12-8336-415d74d2f54d,delijn,bd8741aa-542c-11ed-8d97-c73bc62d1389,2022-11-21,09:57:20,2.5,2.07,0.43,21.0,4014
delijn_f0297fa1-1a76-4246-a3d9-fc61a0fb9fad,delijn,bd8741aa-542c-11ed-8d97-c73bc62d1389,2022-11-21,09:58:08,2.5,2.07,0.43,21.0,4014
delijn_7a30e7c5-bad1-44f6-88ac-40ddf8ce0635,delijn,047c250c-6509-11ed-aba0-0b52ed213285,2022-11-21,10:14:42,2.5,2.07,0.43,21.0,4014
delijn_c1be2680-a0ac-4d10-9601-228aa0aa1ef7,delijn,047c250c-6509-11ed-aba0-0b52ed213285,2022-11-21,10:15:55,2.5,2.07,0.43,21.0,4014
delijn_e8e81fcd-1561-4f40-ae14-767af0c84000,delijn,bd8741aa-542c-11ed-8d97-c73bc62d1389,2022-11-21,10:33:53,2.5,2.07,0.43,21.0,4014
delijn_cdd53231-f9e8-40a7-a7bc-6b437efbfa96,delijn,047c250c-6509-11ed-aba0-0b52ed213285,2022-11-21,10:44:20,2.5,2.07,0.43,21.0,4014
delijn_2d4553c8-fbaf-4255-8ba3-5ef4754f221a,delijn,047c250c-6509-11ed-aba0-0b52ed213285,2022-11-21,10:44:37,2.5,2.07,0.43,21.0,4014
nmbs_1beb5125-0dd5-44b9-b26b-3b0cf2986283,nmbs,047c250c-6509-11ed-aba0-0b52ed213285,2022-11-21,10:45:12,12.2,10.08,2.12,21.0,c07688bc-29f5-4825-81f2-6438ef987d96_40000145
nmbs_75f4941e-894c-40a5-9715-57f653fd0580,nmbs,047c250c-6509-11ed-aba0-0b52ed213285,2022-11-21,10:50:16,12.3,10.17,2.13,21.0,338cf5a5-4ada-4361-8118-27500c9a7fc4_40000090
nmbs_5d08c55f-2763-4d4f-91c8-fbe6580a91eb,nmbs,047c250c-6509-11ed-aba0-0b52ed213285,2022-11-21,10:51:18,12.8,10.58,2.22,21.0,9e9728dc-55ef-45e6-a60b-3e414b8c62fe_40000150
